CAGR,MDD,SharpeRatio,SortinoRatio,WinRate,TotalReturn,Volatility,MaxDrawdown,Skewness,Kurtosis,Turnover,TotalDays,IC,Factor,RebalancingFrequency
-0.13111488611568545,-0.2928566996727476,0.4710359198440997,0.0028540704564293854,0.48854961832061067,-0.13594730707868274,0.4419762237554971,-0.2928566996727476,0.5148759819020162,6.040749315519719,2.0,262,-0.009660083687789976,alpha001,weekly
