CAGR,MDD,SharpeRatio,SortinoRatio,WinRate,TotalReturn,Volatility,MaxDrawdown,Skewness,Kurtosis,Turnover,TotalDays,IC,Factor,RebalancingFrequency
-0.16492597674445364,-0.2999072024965323,0.3892625253057707,0.0024014536058627905,0.46564885496183206,-0.17087726780792223,0.49143766279463763,-0.2999072024965323,0.5261746973429247,5.708295044459819,2.0,262,-0.009660083687789972,alpha001,weekly
0.4297550666738672,-0.28951110332154595,1.522327978120836,0.009125947173089344,0.5305343511450382,0.45018303629662926,0.4734476761326724,-0.28951110332154595,0.33068639488939194,3.3159105808932354,2.0,262,-0.001088981513283969,alpha002,weekly
0.485825008159807,-0.3089686950525141,1.523711144398623,0.009869135844685965,0.5343511450381679,0.5093563193692914,0.5072101126421424,-0.3089686950525141,1.5262198190752394,11.980444983070068,2.0,262,-0.00558351561307984,alpha003,weekly
3.7168665002315686,-0.1294474419978947,3.6684653488704324,0.028535267872922942,0.5909090909090909,1.2535446301062403,0.5296675823190935,-0.1294474419978947,1.1817895098496891,3.979777652889254,2.0,132,0.009020273834650051,alpha004,weekly
